{"cameraMode":{"drawMode":0,"name":"Shaded","section":"Shading Mode"},"sceneLighting":false,"audioPlay":false,"sceneViewState":{"m_AlwaysRefresh":false,"showFog":true,"showSkybox":false,"showFlares":true,"showImageEffects":true,"showParticleSystems":true,"showVisualEffectGraphs":true,"m_FxEnabled":true},"in2DMode":false,"pivot":{"x":-0.010785818099975586,"y":1.484362244606018,"z":0.3020118474960327},"rotation":{"x":0.013486353680491448,"y":-0.6945767402648926,"z":0.013024391606450081,"w":0.7191758751869202},"size":0.36742356419563296,"orthographic":true}