{"cameraMode":{"drawMode":0,"name":"Shaded","section":"Shading Mode"},"sceneLighting":false,"audioPlay":false,"sceneViewState":{"m_AlwaysRefresh":false,"showFog":true,"showSkybox":false,"showFlares":true,"showImageEffects":true,"showParticleSystems":true,"showVisualEffectGraphs":true,"m_FxEnabled":true},"in2DMode":false,"pivot":{"x":0.1884811371564865,"y":3.896536111831665,"z":3.212775230407715},"rotation":{"x":0.054198019206523898,"y":-0.7606711387634277,"z":0.06404697895050049,"w":0.6436964273452759},"size":1.6958215236663819,"orthographic":true}